Workbook

Sheet Overview
A1: AgentOE — LangGraph Agentic 전환 로드맵 (v1.0)
A3: 문서 버전 | B3: 1.0
A4: 작성일 | B4: 2026-04-18
A5: 대상 | B5: AgentOE 멀티테넌트 AI 콜봇 플랫폼
A6: 전환 범위 | B6: AIPipeline → LangGraph StateGraph, Scenario Builder GUI
A7: 기간 | B7: 16주 (8 스프린트, 2w each)
A8: 시작 | B8: 2026-05-04
A9: GA 목표 | B9: 2026-08-24
A12: 핵심 KPI
A13: 지표 | B13: Baseline | C13: 목표 (GA+1Q) | D13: 측정 방법
A14: 자동 처리 완료율 | B14: 58% | C14: 75% | D14: 통화 종료 사유별 집계
A15: 턴 지연 p95 | B15: 1.2s | C15: 1.0s 유지 | D15: OTel span 분위수
A16: 상담원 전환율 | B16: 31% | C16: 18% | D16: VBGW transfer 이벤트
A17: 시나리오 변경 리드타임 | B17: 2-5일 (개발) | C17: 30분 (운영) | D17: Audit log 간격
A18: 세션 복구 성공률 | B18: 0% (미지원) | C18: 99.5% | D18: Checkpointer resume / disconnect 비율
A21: 관련 산출물
A22: 파일 | B22: 위치 | C22: 비고
A23: 전환 기획서 | B23: AgentOE_LangGraph전환기획서_v1.0.docx | C23: 배경 / 아키텍처 / 전략
A24: 본 로드맵 | B24: AgentOE_LangGraph로드맵_v1.0.xlsx | C24: 스프린트/태스크/예산
A25: UI 목업 | B25: scenario_builder_mockup.html | C25: React Flow 프로토타입
A26: PoC 코드 | B26: skeleton/backend/app/agentic/ | C26: LangGraph 스켈레톤

Sheet Sprints
A1: Sprint | B1: Start | C1: End | D1: Theme | E1: Goals | F1: Demo | G1: Effort(PD) | H1: Team
A2: S1 | B2: 2026-05-04 | C2: 2026-05-17 | D2: Foundation | E2: LangGraph 의존성 / state.py / DSL 스키마 / 단위 테스트 50% | F2: DSL JSON 검증 통과 | G2: 22 | H2: Platform
A3: S2 | B3: 2026-05-18 | C3: 2026-05-31 | D3: Compiler + Runtime | E3: scenario_compiler, CallbotGraphRuntime, Redis Checkpointer | F3: 샘플 시나리오 E2E 통과 | G3: 28 | H3: Platform
A4: S3 | B4: 2026-06-01 | C4: 2026-06-14 | D4: Repository & Router | E4: MongoDB Scenario Repo, AgenticRouter, REST API skeleton | F4: 테넌트 플래그 기반 라우팅 데모 | G4: 26 | H4: Backend
A5: S4 | B5: 2026-06-15 | C5: 2026-06-28 | D5: Builder UI MVP | E5: React Flow 캔버스 / 노드 팔레트 / 저장 / Publish | F5: 운영자 데모 1차 | G5: 30 | H5: Frontend
A6: S5 | B6: 2026-06-29 | C6: 2026-07-12 | D6: Tools + Dry-run | E6: Tool 레지스트리, MCP 어댑터, Dry-run 시뮬레이터 | F6: 잔액조회 Tool 시나리오 완주 | G6: 28 | H6: Platform+FE
A7: S6 | B7: 2026-07-13 | C7: 2026-07-26 | D7: Observability + Canary | E7: OTel per-node span, 비용 쿼터, Canary %, A/B | F7: Grafana 대시보드 공개 | G7: 26 | H7: SRE
A8: S7 | B8: 2026-07-27 | C8: 2026-08-09 | D8: Hardening | E8: 멀티 테넌트 검증, 보안/침투, 성능 튜닝 (p95 ≤1.0s) | F8: 부하테스트 리포트 | G8: 24 | H8: Cross
A9: S8 | B9: 2026-08-10 | C9: 2026-08-23 | D9: GA Prep | E9: 문서화, 마이그레이션 가이드, 운영 Runbook, GA 체크리스트 | F9: GA 리허설 | G9: 20 | H9: Cross
A10: 합계 | G10: =SUM(G2:G9) -> 204

Sheet Backlog
A1: Task ID | B1: Sprint | C1: Priority | D1: Epic | E1: Title | F1: Owner | G1: Effort(PD) | H1: Status | I1: Depends | J1: Risk | K1: Notes | M1: Sprint 집계
A2: T001 | B2: S1 | C2: P0 | D2: Foundation | E2: LangGraph / checkpoint-redis 의존성 추가, lock 파일 갱신 | F2: Platform | G2: 1 | H2: Planned | J2: L | K2: 0.2.x 고정 | M2: Sprint | N2: Backlog PD | O2: Plan PD | P2: Diff
A3: T002 | B3: S1 | C3: P0 | D3: Foundation | E3: state.py (CallbotState) 확정, Reducer 테스트 | F3: Platform | G3: 2 | H3: Planned | I3: T001 | J3: L | M3: S1 | N3: =SUMIF(B2:B51,M3,G2:G51) -> 12 | O3: =Sprints!G2 -> 22 | P3: =N3-O3 -> -10
A4: T003 | B4: S1 | C4: P0 | D4: Foundation | E4: scenario_dsl.py Pydantic 스키마 확정, golden JSON 3종 | F4: Platform | G4: 3 | H4: Planned | I4: T002 | J4: L | K4: invalid sample 포함 | M4: S2 | N4: =SUMIF(B2:B51,M4,G2:G51) -> 20 | O4: =Sprints!G3 -> 28 | P4: =N4-O4 -> -8
A5: T004 | B5: S1 | C5: P0 | D5: Foundation | E5: 노드 인터페이스(make_*_node 시그니처) 고정 | F5: Platform | G5: 2 | H5: Planned | I5: T002 | J5: L | M5: S3 | N5: =SUMIF(B2:B51,M5,G2:G51) -> 18 | O5: =Sprints!G4 -> 26 | P5: =N5-O5 -> -8
A6: T005 | B6: S1 | C6: P1 | D6: Foundation | E6: 단위 테스트 커버리지 ≥50% (agentic/*) | F6: Platform | G6: 3 | H6: Planned | I6: T003,T004 | J6: L | M6: S4 | N6: =SUMIF(B2:B51,M6,G2:G51) -> 22 | O6: =Sprints!G5 -> 30 | P6: =N6-O6 -> -8
A7: T006 | B7: S1 | C7: P1 | D7: Foundation | E7: 개발자 문서 초안 (agentic/README.md) | F7: Platform | G7: 1 | H7: Planned | I7: T004 | J7: L | M7: S5 | N7: =SUMIF(B2:B51,M7,G2:G51) -> 19 | O7: =Sprints!G6 -> 28 | P7: =N7-O7 -> -9
A8: T010 | B8: S2 | C8: P0 | D8: Compiler | E8: scenario_compiler.py: DSL → StateGraph | F8: Platform | G8: 4 | H8: Planned | I8: T003,T004 | J8: M | K8: dry-run 포함 | M8: S6 | N8: =SUMIF(B2:B51,M8,G2:G51) -> 16 | O8: =Sprints!G7 -> 26 | P8: =N8-O8 -> -10
A9: T011 | B9: S2 | C9: P0 | D9: Compiler | E9: Branch conditional edge 디스패처 완성 | F9: Platform | G9: 2 | H9: Planned | I9: T010 | J9: L | M9: S7 | N9: =SUMIF(B2:B51,M9,G2:G51) -> 13 | O9: =Sprints!G8 -> 24 | P9: =N9-O9 -> -11
A10: T012 | B10: S2 | C10: P0 | D10: Runtime | E10: CallbotGraphRuntime: LRU cache, stream_turn, resume | F10: Platform | G10: 4 | H10: Planned | I10: T010 | J10: M | M10: S8 | N10: =SUMIF(B2:B51,M10,G2:G51) -> 13 | O10: =Sprints!G9 -> 20 | P10: =N10-O10 -> -7
A11: T013 | B11: S2 | C11: P0 | D11: Runtime | E11: Redis Checkpointer 통합 (langgraph-checkpoint-redis) | F11: Platform | G11: 3 | H11: Planned | I11: T012 | J11: M | K11: 세션 24h TTL | M11: Total | N11: =SUM(N3:N10) -> 133 | O11: =SUM(O3:O10) -> 204 | P11: =N11-O11 -> -71
A12: T014 | B12: S2 | C12: P0 | D12: Runtime | E12: LLM 스트리밍 청크 → WS sink 연동 | F12: Platform | G12: 3 | H12: Planned | I12: T012 | J12: M | K12: filler 전파
A13: T015 | B13: S2 | C13: P1 | D13: Runtime | E13: interrupt_before 기반 Wait 노드 검증 | F13: Platform | G13: 2 | H13: Planned | I13: T013 | J13: M
A14: T016 | B14: S2 | C14: P1 | D14: Runtime | E14: 샘플 시나리오 cs_account_v3 E2E 통과 | F14: Platform | G14: 2 | H14: Planned | I14: T014,T015 | J14: L
A15: T020 | B15: S3 | C15: P0 | D15: Repository | E15: ScenarioRepository (Mongo CRUD, 버전 관리) | F15: Backend | G15: 3 | H15: Planned | I15: T003 | J15: L | K15: created_by/at 기록
A16: T021 | B16: S3 | C16: P0 | D16: Repository | E16: Publish/Rollback 트랜잭션 (ver++, cache invalidate) | F16: Backend | G16: 3 | H16: Planned | I16: T020,T012 | J16: M
A17: T022 | B17: S3 | C17: P0 | D17: API | E17: REST /api/v1/scenarios CRUD + authz (assert_tenant_ownership) | F17: Backend | G17: 3 | H17: Planned | I17: T020 | J17: M | K17: input 검증
A18: T023 | B18: S3 | C18: P0 | D18: API | E18: AgenticRouter: config/canary/flag 결정 로직 | F18: Backend | G18: 3 | H18: Planned | I18: T021 | J18: M
A19: T024 | B19: S3 | C19: P0 | D19: API | E19: 세션 생성 라우터에 AgenticRouter 통합 | F19: Backend | G19: 2 | H19: Planned | I19: T023 | J19: M | K19: fail-safe legacy
A20: T025 | B20: S3 | C20: P1 | D20: API | E20: Kill-switch ENV + tenant toggle 엔드포인트 | F20: Backend | G20: 2 | H20: Planned | I20: T023 | J20: L
A21: T026 | B21: S3 | C21: P1 | D21: Repository | E21: DSL 유효성 검사 서비스 계층 (unreachable, cycle) | F21: Backend | G21: 2 | H21: Planned | I21: T020 | J21: L
A22: T030 | B22: S4 | C22: P0 | D22: Builder UI | E22: React + Vite + React Flow 초기 셋업 | F22: Frontend | G22: 2 | H22: Planned | J22: L
A23: T031 | B23: S4 | C23: P0 | D23: Builder UI | E23: 노드 팔레트(Intent/LLM/Tool/Branch/Transfer/Wait/End) | F23: Frontend | G23: 3 | H23: Planned | I23: T030 | J23: L
A24: T032 | B24: S4 | C24: P0 | D24: Builder UI | E24: 캔버스 CRUD (드래그/삭제/연결/자동 레이아웃) | F24: Frontend | G24: 4 | H24: Planned | I24: T031 | J24: M
A25: T033 | B25: S4 | C25: P0 | D25: Builder UI | E25: Inspector 폼 (JSON Schema Form 자동 생성) | F25: Frontend | G25: 4 | H25: Planned | I25: T031 | J25: M
A26: T034 | B26: S4 | C26: P0 | D26: Builder UI | E26: Save / Publish / Version 피커 | F26: Frontend | G26: 3 | H26: Planned | I26: T022 | J26: M
A27: T035 | B27: S4 | C27: P0 | D27: Builder UI | E27: Validation 바 (unreachable, fallback 누락 경고) | F27: Frontend | G27: 3 | H27: Planned | I27: T026,T035 | J27: M
A28: T036 | B28: S4 | C28: P1 | D28: Builder UI | E28: Diff 뷰어 (버전 간 시각적 차이) | F28: Frontend | G28: 3 | H28: Planned | I28: T034 | J28: L
A29: T040 | B29: S5 | C29: P0 | D29: Tools | E29: Tool Registry (HTTP/MCP/DB 어댑터 통일) | F29: Platform | G29: 3 | H29: Planned | I29: T012 | J29: M
A30: T041 | B30: S5 | C30: P0 | D30: Tools | E30: MCP 커넥터 3종 PoC (CRM lookup, Ticket create, Account) | F30: Platform | G30: 4 | H30: Planned | I30: T040 | J30: M
A31: T042 | B31: S5 | C31: P0 | D31: Tools | E31: Dry-run 시뮬레이터 (synthetic user_input → 그래프 경로) | F31: Platform | G31: 3 | H31: Planned | I31: T010 | J31: L
A32: T043 | B32: S5 | C32: P0 | D32: Builder UI | E32: Dry-run UI 연동 (테스트 발화 → 경로 하이라이트) | F32: Frontend | G32: 4 | H32: Planned | I32: T042,T032 | J32: M
A33: T044 | B33: S5 | C33: P1 | D33: Tools | E33: Tool 실패 시 fallback 경로 E2E 검증 | F33: Platform | G33: 2 | H33: Planned | I33: T041 | J33: L
A34: T045 | B34: S5 | C34: P1 | D34: Builder UI | E34: 템플릿 시나리오 라이브러리 (3종) | F34: Frontend | G34: 3 | H34: Planned | I34: T043 | J34: L
... A51: T075 | B51: S8 | C51: P1 | D51: Docs | E51: 릴리즈 노트 v1.0 | F51: Cross | G51: 1 | H51: Planned | I51: T074 | J51: L
A52: Backlog Total PD | G52: =SUM(G2:G51) -> 133

Sheet Dependencies
A1: 상위 Task | B1: 하위 Task | C1: 관계 | D1: 크리티컬? | E1: 비고
A2: T003 DSL 스키마 | B2: T010 compiler | C2: FS (Finish-to-Start) | D2: Y | E2: compiler 가 DSL 에 의존
A3: T012 Runtime | B3: T022 API | C3: FS | D3: Y | E3: /sessions 가 Runtime 호출
A4: T020 Repo | B4: T021 Publish | C4: FS | D4: Y | E4: Publish 는 Repo 위
A5: T023 Router | B5: T024 세션 통합 | C5: FS | D5: Y | E5: 라우팅 엔드포인트 통합
A6: T030 React 셋업 | B6: T031 팔레트 | C6: FS | D6: Y | E6: 프런트 기반
A7: T032 캔버스 | B7: T033 Inspector | C7: FS (parallel OK) | D7: N
A8: T040 Registry | B8: T041 MCP 커넥터 | C8: FS | D8: Y | E8: 어댑터 표준화 우선
A9: T042 Dry-run | B9: T043 UI 연동 | C9: FS | D9: Y | E9: UI 하이라이트는 DR 결과 필요
A10: T050 OTel | B10: T051 Grafana | C10: FS | D10: Y | E10: 대시보드는 span 필요
A11: T053 Canary | B11: T054 Alert | C11: FS (parallel OK) | D11: N
A12: T062 부하 | B12: T073 GA 체크리스트 | C12: FS | D12: Y | E12: p95 보증 이후 GA

Sheet Milestones
A1: Milestone | B1: Target Date | C1: Exit Criteria | D1: Owner | E1: Blocking?
A2: M1: DSL + Runtime frozen | B2: 2026-05-31 | C2: state+compiler+runtime E2E 통과, 샘플 시나리오 완주 | D2: Platform | E2: Y
A3: M2: Admin API + Router GA | B3: 2026-06-14 | C3: /scenarios CRUD, tenant flag 기반 라우팅 demo | D3: Backend | E3: Y
A4: M3: Builder MVP | B4: 2026-06-28 | C4: 운영자 데모 1차 (CRUD, Save, Publish) | D4: Frontend | E4: Y
A5: M4: Tools & Dry-run | B5: 2026-07-12 | C5: 잔액조회 MCP 기반 시나리오 완주 | D5: Platform+FE | E5: Y
A6: M5: Observability + Canary | B6: 2026-07-26 | C6: Grafana 공개, Canary 10% 라이브 | D6: SRE | E6: Y
A7: M6: Hardening complete | B7: 2026-08-09 | C7: 부하 p95 ≤ 1.0s, 보안 리뷰 통과 | D7: Cross | E7: Y
A8: M7: GA | B8: 2026-08-23 | C8: 2+ 테넌트 Agentic 라이브, Runbook 완성 | D8: Cross | E8: Y

Sheet RACI
A1: Activity | B1: Platform Eng | C1: Backend Eng | D1: Frontend | E1: SRE | F1: Product | G1: Security | H1: Support
A2: LangGraph 의존성/버전 정책 | B2: R/A | C2: C | D2: I | E2: C | F2: I | G2: C | H2: I
A3: Scenario DSL 스키마 | B3: R/A | C3: C | D3: C | E3: I | F3: C | G3: I | H3: I
A4: Compiler & Runtime | B4: R/A | C4: C | D4: I | E4: C | F4: I | G4: C | H4: I
A5: Repo + REST API | B5: C | C5: R/A | D5: C | E5: I | F5: I | G5: C | H5: I
A6: AgenticRouter | B6: C | C6: R/A | D6: I | E6: C | F6: C | G6: C | H6: I
A7: Builder UI | B7: C | C7: C | D7: R/A | E7: I | F7: C | G7: I | H7: I
A8: Tool Registry/MCP | B8: R/A | C8: C | D8: C | E8: I | F8: I | G8: C | H8: I
A9: Observability | B9: C | C9: C | D9: I | E9: R/A | F9: I | G9: I | H9: I
A10: Security Review | B10: C | C10: C | D10: C | E10: C | F10: I | G10: R/A | H10: I
A11: Canary / Rollback | B11: C | C11: C | D11: I | E11: R/A | F11: C | G11: I | H11: I
A12: 운영 Runbook | B12: C | C12: C | D12: I | E12: R/A | F12: I | G12: I | H12: C
... A14: GA 의사결정 | B14: C | C14: C | D14: I | E14: C | F14: R/A | G14: C | H14: I
A16: 범례: R=Responsible, A=Accountable, C=Consulted, I=Informed

Sheet Budget
A1: 항목 | B1: 단위 | C1: 수량 | D1: 단가(USD) | E1: 월 금액(USD) | F1: 주석
A2: 엔지니어 Platform | B2: FTE·개월 | C2: 2 | D2: 20000 | E2: =C2*D2 -> 40000 | F2: 풀스택, 4개월 투입 평균
A3: 엔지니어 Backend | B3: FTE·개월 | C3: 1 | D3: 20000 | E3: =C3*D3 -> 20000 | F3: Repo/API
A4: 엔지니어 Frontend | B4: FTE·개월 | C4: 1 | D4: 18000 | E4: =C4*D4 -> 18000 | F4: React Flow Builder
A5: 엔지니어 SRE | B5: FTE·개월 | C5: 0.5 | D5: 22000 | E5: =C5*D5 -> 11000 | F5: Observability/Canary
A6: Product/Ops | B6: FTE·개월 | C6: 0.3 | D6: 18000 | E6: =C6*D6 -> 5400 | F6: 문서/저작 가이드
A7: Security 리뷰 | B7: Lump sum | C7: 1 | D7: 6000 | E7: =C7*D7 -> 6000 | F7: 외부 리뷰 + 내부 침투
A8: Redis 스토리지 증분 | B8: 월 | C8: 4 | D8: 350 | E8: =C8*D8 -> 1400 | F8: Checkpointer 24h TTL
A9: Groq Intent 호출 증분 | B9: 월 | C9: 4 | D9: 700 | E9: =C9*D9 -> 2800 | F9: classify 노드
A10: Mongo 시나리오 스토어 | B10: 월 | C10: 4 | D10: 120 | E10: =C10*D10 -> 480 | F10: 버전 이력 포함
A11: 관측 스택 증분 | B11: 월 | C11: 4 | D11: 200 | E11: =C11*D11 -> 800 | F11: OTel + Grafana 추가
A12: QA 부하 테스트 | B12: Lump sum | C12: 1 | D12: 1500 | E12: =C12*D12 -> 1500 | F12: k6 환경
A13: 버퍼(예비) | B13: Lump sum | C13: 1 | D13: 5000 | E13: =C13*D13 -> 5000 | F13: 리스크 완충
A15: 전환 총계 (4개월) | E15: =SUM(E2:E13) -> 112380
A17: GA 이후 월 운영비 (엔지니어 제외) | E17: =D8+D9+D10+D11 -> 1370
